instance_id,type,path
b15aae81-7a1a-46f4-ad2e-60a84dcc9645,2,b3e226b3-2d90-4197-bb65-976ab7595f31/b15aae81-7a1a-46f4-ad2e-60a84dcc9645
46b708dd-f119-48cb-9e9b-89284bbe114e,2,b3e226b3-2d90-4197-bb65-976ab7595f31/46b708dd-f119-48cb-9e9b-89284bbe114e
b3e226b3-2d90-4197-bb65-976ab7595f31,1,b3e226b3-2d90-4197-bb65-976ab7595f31
02f00b3e-3a78-4431-87d4-34128ebbb04c,2,b3e226b3-2d90-4197-bb65-976ab7595f31/02f00b3e-3a78-4431-87d4-34128ebbb04c
753defc5-7edf-46c2-8475-b50caca264e4,3,b3e226b3-2d90-4197-bb65-976ab7595f31/753defc5-7edf-46c2-8475-b50caca264e4
79ac3f0c-ffff-4b66-9dbd-ad5fa27bd092,4,b3e226b3-2d90-4197-bb65-976ab7595f31/79ac3f0c-ffff-4b66-9dbd-ad5fa27bd092
0b4f3a31-91a1-48a0-80a4-f420af7dbfae,2,b3e226b3-2d90-4197-bb65-976ab7595f31/0b4f3a31-91a1-48a0-80a4-f420af7dbfae
8527dbc1-438f-4e4c-8540-d1e71a92c990,2,b3e226b3-2d90-4197-bb65-976ab7595f31/8527dbc1-438f-4e4c-8540-d1e71a92c990
e46acc24-028c-44ef-a034-9a0cee61d377,4,b3e226b3-2d90-4197-bb65-976ab7595f31/e46acc24-028c-44ef-a034-9a0cee61d377
3a228ccf-015f-4570-8901-7264741b0fce,4,b3e226b3-2d90-4197-bb65-976ab7595f31/3a228ccf-015f-4570-8901-7264741b0fce
0b821443-19e7-4f11-a871-dfc2045902f0,3,b3e226b3-2d90-4197-bb65-976ab7595f31/0b821443-19e7-4f11-a871-dfc2045902f0
33763c13-914a-4e35-890c-3eb5713f3d5e,4,b3e226b3-2d90-4197-bb65-976ab7595f31/33763c13-914a-4e35-890c-3eb5713f3d5e
7a251536-1344-4a67-9811-7b16533622c1,3,b3e226b3-2d90-4197-bb65-976ab7595f31/7a251536-1344-4a67-9811-7b16533622c1
8ee8f24f-2cb8-44fa-9349-495914900711,4,b3e226b3-2d90-4197-bb65-976ab7595f31/8ee8f24f-2cb8-44fa-9349-495914900711
69b80e86-a234-4da9-823a-8681d0c16cbb,3,b3e226b3-2d90-4197-bb65-976ab7595f31/69b80e86-a234-4da9-823a-8681d0c16cbb
bf569153-a1bf-4b0f-a714-f00a96bba5a4,4,b3e226b3-2d90-4197-bb65-976ab7595f31/bf569153-a1bf-4b0f-a714-f00a96bba5a4
e31bb48d-1550-421f-9973-4a5dd96f1fce,4,b3e226b3-2d90-4197-bb65-976ab7595f31/e31bb48d-1550-421f-9973-4a5dd96f1fce
1c511450-ac4e-4280-8bdd-f9f7d39d51a9,3,b3e226b3-2d90-4197-bb65-976ab7595f31/1c511450-ac4e-4280-8bdd-f9f7d39d51a9
7541d422-5acf-4da2-a3af-530640b26288,3,b3e226b3-2d90-4197-bb65-976ab7595f31/7541d422-5acf-4da2-a3af-530640b26288
c89683ce-b909-41b7-bd60-fe62b10881cd,4,b3e226b3-2d90-4197-bb65-976ab7595f31/c89683ce-b909-41b7-bd60-fe62b10881cd
b718776a-375b-42b6-91fe-9761513dc167,2,b3e226b3-2d90-4197-bb65-976ab7595f31/b718776a-375b-42b6-91fe-9761513dc167
9ba91e49-d6ad-4a06-aa26-dd7951dfc7db,2,b3e226b3-2d90-4197-bb65-976ab7595f31/9ba91e49-d6ad-4a06-aa26-dd7951dfc7db
19c1f364-9211-4974-ba82-3a1626c9a231,4,b3e226b3-2d90-4197-bb65-976ab7595f31/19c1f364-9211-4974-ba82-3a1626c9a231
2b65f1d6-42d2-46e9-8946-70a73defaf75,2,b3e226b3-2d90-4197-bb65-976ab7595f31/2b65f1d6-42d2-46e9-8946-70a73defaf75
4e90cd82-8886-4933-a29b-252d8570b7ad,2,b3e226b3-2d90-4197-bb65-976ab7595f31/4e90cd82-8886-4933-a29b-252d8570b7ad
0210662f-1b03-48be-8421-6dca78daf025,4,b3e226b3-2d90-4197-bb65-976ab7595f31/0210662f-1b03-48be-8421-6dca78daf025
f9444572-242e-4819-a8c4-eb03260da35d,2,b3e226b3-2d90-4197-bb65-976ab7595f31/f9444572-242e-4819-a8c4-eb03260da35d
e76ed8c7-b2ec-4801-9ec9-f4e7dd50b565,4,b3e226b3-2d90-4197-bb65-976ab7595f31/e76ed8c7-b2ec-4801-9ec9-f4e7dd50b565
ca1fdf5d-2cb8-4755-b9b7-a1b5a772b11c,2,b3e226b3-2d90-4197-bb65-976ab7595f31/ca1fdf5d-2cb8-4755-b9b7-a1b5a772b11c